x,y,t,z,f
1.1554682663092626,1.4127059321351814,2.61235705836899,1.8471388642237392,3.1276051548720183
0.9800467758743602,3.6785106843450235,1.9470126624279167,3.695943670197631,2.32440228526297
0.033336637599569785,0.4828371462380366,2.933398487560318,3.940274728336972,1.655754718677628
0.5689037935358602,2.1256309616138798,1.3764205632583277,1.806636386466662,3.4109340436149034
1.3849226134843584,0.3526253119246756,2.3369592381013313,3.5015924839870562,1.4957275188473975
0.46953503545902486,1.4383652602074224,0.24241173884243897,0.4273500823030869,2.064627463421396
3.05006883619981,0.7141962347631214,2.011024153624938,2.5632968401744454,2.1751628944183703
3.199889572585432,1.5143507016088114,2.8588444148767467,0.8296747280678,2.5742643883701084
3.9979798736725782,3.3923954502703193,3.85036768807844,0.3960810620417973,2.706411471166539
2.2110911943765363,0.9066114792696074,0.4826996958792309,1.8222139618308717,2.238813110144888
1.5032602675916231,0.3473029663231954,1.6964842184662974,3.7363941603196023,1.2112391360941834
0.16563386760746554,3.4942087980376817,1.5688995746966088,1.4434424012492952,4.047831230610164
0.5533934858420972,1.9844537548767116,1.0359033050168163,3.4946060073739944,1.9556368681330127
2.1689283260860504,0.6398908940763294,1.1263120360784655,2.555995105263054,2.1298259548446676
3.38129512086081,3.598271233214137,3.3195614174063355,2.1952930981462777,3.2451162758622454
1.7616763004305251,2.4300561107369734,3.155453341646992,1.0131069185062913,3.1521751594341536
3.1397386557618865,2.7760245879243866,3.0711429070741603,2.8556375651164174,2.4810110164032984
1.7855119733194513,1.558048547291028,0.4707433359315097,1.859524865220554,2.459473196143816
0.7502808865135436,1.6867348195609015,3.916139353338751,1.4750594124735545,3.3681683882841904
0.5077471903726112,2.1944624663170464,2.9184103057589206,1.5190462157085731,3.5940428787759444
2.47975002996975,2.4047840648553462,3.441478143680502,1.656803096221504,3.16923771783874
1.7386865419122066,1.049454598699902,2.8668069497285886,0.25891893928435583,2.193717936227005
3.971899697011011,1.337535481797031,0.611044435955766,1.4932203089604172,2.2751200949887633
0.2050907208286206,3.021986563177564,1.5453968762546872,2.290378450966708,3.637689427437922
0.6452466450012836,2.279060146157485,2.531896071264835,1.2112988789494223,3.4971885441954598
3.812029352735294,2.0634037014235114,3.3393756105472656,0.13452135847533267,2.0689441972679203
0.3526083070586289,3.7589886670031247,3.1641106818901377,1.5824497797849706,4.139084806166186
2.220567512045524,3.765352677019268,3.7494318579378723,3.0297262408778023,2.7464287567700048
0.777207197552994,1.828783555015876,0.999556721439106,0.3060915401532315,2.465097695004979
3.5424144769482546,1.9790446662362098,2.8748728622300765,0.8503788654331821,2.680635632498582
1.2805943895326517,0.8303110979858185,1.8433643967098639,3.1233997291933555,1.9693795355683976
0.949095348874641,1.7090957152564952,3.7632503346333253,1.176100790561088,3.2364865195495884
3.1151004220415768,3.435443472487723,2.938839199822998,3.6590405884863464,1.9101568972269187
2.505113210848109,2.680847598551123,1.1932400021806395,0.03729706599575628,2.1212971116723276
1.8123373587563125,3.317901877136837,2.8993755346580725,0.9741865401798357,3.387684232149199
1.8902265079857736,2.7386553048670015,3.3239626671927835,1.9968874358703033,3.2805664640184253
0.4476396697768672,0.24366545835799158,2.5906842660486853,2.791637520985978,2.474204279095437
2.539729250521063,2.0558087594479386,0.045608386567929704,3.4570450783406392,0.8027562900076909
3.9871191337348986,2.569676357798347,0.6361804668558573,3.184747502752351,1.5890742435322744
2.1872018161024287,3.4121893748576175,3.131838328563472,0.8720731399915621,3.2892107517779796
2.318978831934867,2.7518942946056275,3.9774915410001643,3.6779351092922625,1.789853122766151
2.5792344363846134,1.874467285299092,0.3783944813740741,1.9616138745192415,2.298012742671838
1.2595119564842614,3.5295082126327353,0.27191495277248706,1.726312390559731,3.0159561541208806
3.154921861962638,3.526502932514893,2.184484827696971,1.2821318840293392,3.3690422637634545
3.6208468530405815,2.0768445979736656,0.002299870775257344,0.6302245530106004,1.54762055828225
3.4476329322470485,0.7570714160436124,2.3510459329488667,1.2763697514876013,2.5733445576190013
1.614973887790396,0.7748110007638869,1.3436423091990808,1.4826364773314382,2.774706448693611
0.2452974217061206,3.2375109024175788,1.0676385136468727,1.7751227241747671,3.7894269116588464
1.908395840940812,2.3392345731563573,0.4743286234732252,0.3565562403283449,2.0425208174483025
1.186582058987184,2.8165525816754475,1.5954711685403202,1.7022588505959022,3.4722353272568642
1.5900326655952144,1.1816719733729264,0.9719878779793307,2.062114396767259,2.6400145623438562
1.1494297354322218,0.5749090530486165,2.208761756256373,0.8921584095208405,2.7321781573531676
1.4456484363019952,1.7606524045940493,1.85342969739268,3.7117076414010475,1.6037537431036895
2.662527087165512,3.843871515739942,1.0430607887475467,3.986890750832887,1.6272845918398953
3.6653124687159164,0.20045109586265697,1.4298372924515474,2.6686438627299625,1.8411754459613658
3.9566524820166395,0.0943610204813691,3.9241553980766435,1.4225308418599407,2.438746255625399
1.3106958251948897,1.108837902706756,0.03864294842957964,0.0038510989220568977,1.1010424205580405
2.7649367953513564,3.979742693475063,3.2263431602978176,0.5674109000973216,3.162424753841286
0.9406221136315377,0.6412084238110943,2.1167454926058236,3.471154669921645,1.702179861761203
2.7183068817911793,3.0085536060791545,1.0934541906505797,3.8891468479960833,1.4410793714477652
3.742084352078239,2.3318376070674596,3.550860680881812,2.4600157747416813,2.6468719186721072
1.3346289790616521,3.0754778178806266,1.323526466602194,1.6004882801396658,3.4668678179917336
1.2358947856813967,3.5622534249714266,1.080852077503158,3.8720473523929617,1.9057980677337154
3.8470682730012395,2.267637074444369,3.8190554453285923,2.3092996655484677,2.7307782593991314
1.3749383232335703,0.041751468157173593,1.665080003378878,1.4399093599812356,2.726724159677
1.1142084846188938,0.6773505124579267,2.4072298440804056,3.3720814577143314,1.7660848728666196
0.2279454565946225,0.7864612918190023,0.39776105578815585,2.2581842659228535,2.5059791434834344
1.6409953924184353,0.06152213213563581,2.146465435324954,1.531671190865575,2.71801330847469
3.437902174636694,1.0781786687553483,3.779848692613521,1.3313868223815872,2.6815450401989467
2.620069598657866,3.6596917331900167,2.175725036020801,3.952607813559048,1.791353513608827
0.5237712359140925,0.11154353507680005,0.22637084566864696,3.256372513254814,1.193357548866285
0.7702290961800087,3.8652762305982247,1.6897331340889745,0.09725643225643324,3.0508581414847575
1.7537334971011136,1.0715515146893437,0.2908898747527205,0.29854198690777334,1.5234134876723817
3.0944564253954976,3.9995156321007346,1.9187982298230266,2.9802486027706534,2.7150397571239284
3.3089440367400558,1.4596705232219902,0.8226468762431198,1.902916495614845,2.440156285999332
2.329928933416472,2.91146028505885,3.3854127127818208,3.698770535768399,1.817026598322197
0.8934532420777148,1.9106560795274545,2.275566483955836,0.7401947548583616,3.0398403800987515
1.7268602320910962,0.9324447928033375,2.3880031759002986,1.2261064608980732,2.8431004391343615
2.2343858378787353,1.285263169938348,3.329210949770985,1.563273922637915,2.907485922118862
0.06832940970203256,3.0540237242658645,0.08179702346755398,1.1116939104469554,3.024409288937783
3.554531873433259,1.2722529784099414,0.69507752363167,3.237641212580796,1.254059803927987
3.6858614880604272,3.5367385698158764,2.8838328079234365,1.1158506116031528,3.282625864869723
3.7940117921315397,3.389333236663716,0.8906771746028653,3.9145861187701065,1.3485282318368101
0.8835067213035631,2.891878024170084,1.6620609055886433,3.8983520826035942,1.9170458384242943
0.2641576445918961,1.3947275431644122,0.8587291828049664,3.6027813064264893,1.7373650448294882
0.3947274593953731,0.6930399686628144,0.5532395490404917,1.3886381443944453,2.7486219274109156
1.4786333680965689,2.3730684518568266,1.0639366055090207,1.0061582152623827,2.9857875436682173
2.7854377277201485,0.8434648419561058,3.29969966083626,0.41787009348696463,2.1274969184376604
1.4635733738833365,0.8004559540051839,3.076222895397603,3.1642940849011474,1.9201003557954262
0.2933251236468173,1.3310573672909978,2.824751348213128,0.5897709686134496,3.0071243245736223
2.610620000596481,0.7963706479774403,2.8226055164466435,1.8701550073642625,2.6846225564790216
0.580869234580262,3.321717722940749,3.213219588443537,3.197366382177359,2.8525830800694094
1.3931044651638358,2.34933813705909,2.068356878780956,3.9299279057101884,1.6272366242700245
3.830546659858004,0.07684811457899773,3.6237623916627277,0.8693955691360814,2.218452665177296
0.5510813069795103,1.6228708832281395,3.6428312497502406,1.2934498287984892,3.3890731602775963
1.228406354133491,1.7483579204275892,1.9235272962729366,2.176447723111852,3.0241574610635857
2.5026006471278293,3.881936969149846,2.808078947485658,2.648948679341609,3.0966047720237984
0.386733556653934,3.6382541312850036,3.096134953232961,3.301020208675805,2.9263640257988612
0.06337134163214087,0.026118570194964493,0.13789054590651464,1.5365356747856465,2.4036319599248177
2.0509471050888344,1.5730538679855939,0.16433959701150883,0.052248343242356284,1.2301795368529187
2.740086276897117,2.8539274740851353,3.1109758348076815,0.6912836169170303,2.9063449302987348
3.7756685803450414,3.558918436138579,0.25721438793986,2.4674472871787736,2.2666840640079786
3.689409442092812,0.9173481257696413,1.4997133732011392,0.7027195578333614,2.2028175429895773
1.0125036377549979,2.378060380759538,1.0194626552604775,2.452617146450179,2.8859841748845305
3.0470353600002498,2.4813453458200274,1.6306754113850555,2.6985889127432916,2.480568875112372
3.902221660023899,2.9617155272015867,1.0744439550333469,0.27625736933647166,2.2575369412580804
2.490920359596207,3.3702557287307604,3.0400406833899867,0.5599052330925579,2.993350642062878
0.8508964421979349,2.847227556545932,1.9784307176758242,2.5702067171241074,3.173401233848497
2.4120601591155277,2.2233244176445455,3.5653131397418707,1.941340905620767,3.063494168606075
3.869972224223781,2.026092773811448,1.9569061243800485,1.1497955580977244,2.796273369730658
2.1807678163376476,1.9150974377285561,3.4870637697068285,2.934697359236189,2.287432338079858
1.9786104446255792,3.469886394304956,0.9664306595683914,2.925554842696801,2.544094037082924
1.5729958953202918,0.16444757142917915,3.967940997099207,0.17261202272747142,1.9530554691217255
3.5900367545522247,3.1392316424385163,2.6291816087324125,3.1720378561940383,2.2316869331068103
2.7299557080659302,2.1678899977949655,0.4335167832343705,1.1243929380078617,2.383562946862639
3.022512771774463,2.529553178110207,3.957042480541565,3.862754672489636,1.481561357442252
1.6898141204196493,1.1017159025725767,2.7249735024843464,3.786603044008102,1.3574062309945703
1.745513558618998,2.60881031390766,0.0967352409360685,2.7265695163761907,1.8627092575174555
0.13078373795610962,1.9519807923596968,0.9338974719266783,0.7481101748084151,3.1072483727915645
2.386091460893305,1.953186094153003,2.220106500540772,1.1914920675874758,2.9671247457840426
2.5487875876017303,1.033274171105752,3.421845208633618,2.607949702899762,2.3071483522723795
1.2507268344104667,1.6269993957003752,1.8278925987633425,1.172143719267532,3.076852149612637
2.1443129429715424,0.37441069176866876,0.1919436439255399,2.8860929813510974,1.1554495405154679
0.8289607651673636,3.2142869586536076,3.0154997590172217,3.420805974527663,2.5100891633359503
2.3581788924352973,0.9672382722583124,0.4994287415799855,0.9503424651336031,2.088031380439442
0.8198663920739728,3.626070750058544,1.3623217212549081,1.078936630533123,3.6831510612781977
3.3493679922323674,3.172944434921056,3.465770404324686,1.2047234037976577,3.236024220747472
2.5580147619269846,3.8740630007405827,0.838663680115819,3.795407340007681,1.6973625260232343
2.3424852976246897,0.41365578082275967,2.527973847664408,1.9705352656425525,2.5977788123081127
2.926375870999802,3.352576643299455,1.5262787947016216,0.12357856241764713,2.4379393317649636
3.905010749853496,3.024049442131078,2.7480252353522574,0.3702570508463471,2.5662845070286893
0.8669349930364505,0.6585757020168308,0.9890123429832868,1.7490431172086902,2.822866083246452
3.731337591561247,3.640881210725399,2.7005775015687665,3.335324184549397,2.219160055440422
0.37965153825727177,2.203892022759717,2.4298377308083734,1.9045060985136346,3.5846269712509033
3.9232095709686226,2.598226381096403,0.7761652546265888,1.9776475925944488,2.651640314315143
0.304682007230027,2.901711907998407,3.2023210375716844,1.8763050336425053,3.842293402342531
1.9150847054546676,0.7355028383028285,1.9848679012451795,1.6222469619232833,2.796482750616159
3.8166826102700986,0.7082972427506526,2.7972224581936134,3.1106725891174207,1.6166389231916698
1.6242343642898645,3.366315799196588,2.3657768676347604,3.430916823137795,2.318892110912251
2.8312069838711778,1.8989492844569211,1.006335663617074,0.8814885134275807,2.522094976688554
2.573427168667208,0.4288466316204395,0.6014915649118026,3.388754653026362,0.9522240086520114
0.25959379268647753,1.888043333842756,0.3899086932789061,3.1139560952505048,2.017605815995252
1.36444612376524,2.2639701575966527,2.7285311480391234,1.3998867754533906,3.327556497427834
3.0683949059857842,0.6649185679467602,1.4544512485756607,1.5966723752051237,2.5468107330351777
0.09280574801957633,1.834150759402965,2.8339814794884686,0.9914560671400687,3.510397874587771
1.9266664469435941,2.4465113367151545,2.301183893461354,2.9467123567286784,2.4530763410260366
3.1624059508464684,3.665153883652288,0.2874463685567219,3.973317076929948,1.020168763430013
2.84042498507996,2.41239255301609,0.5668949160272574,2.1008182261555803,2.505298488486868
3.838714501791114,3.9153167187070737,1.1378086319605047,0.4088788982129547,2.713755299922792
2.4173511607846154,0.973591027438201,3.630698216184168,2.5247009774240086,2.382396147382609
2.072138909162597,1.402167655223002,2.6017116457486114,2.633879871586967,2.442488553813205
0.6862283290941019,2.711002952955591,1.3921134658976053,2.1511125258361323,3.4051365365939317
3.296759294328271,3.9358932880500257,1.3487848189603329,2.7552654039627016,2.8055281783767656
0.046366408350940976,3.720865473774716,1.750459448529024,1.338422603262235,4.183529337964406
2.1098210485673645,0.19215544298948348,2.4325525331878644,1.067824421431227,2.5413900000213174
1.537865990566584,3.2285086579851052,2.759581548471431,1.5256674089063895,3.588762070952986
3.635934927985385,2.1712552463914445,2.261199305986927,0.3434850820305452,2.2964964915515753
0.3628062520727736,1.1546892786037697,0.5504228355457355,3.9047725088575573,1.1942307351765034
1.4316202581200108,3.728722453449047,1.236200755503237,1.2177343954365263,3.5659431893457776
0.6951799381772982,1.721359170747733,0.028684269181911776,1.7285151476742835,2.4181986468696754
1.7837618043674748,2.546129629778044,1.8228806720579942,2.6822304425507473,2.7291699058261094
3.0616563928356477,0.8796335691149597,0.5749812273533361,0.8336308766122474,1.960211242953322
0.5011156348083684,0.9211094449104186,0.8862124769811363,0.4644184366749333,2.430030145486793
3.0837498564828527,1.9697338300876168,2.4591514564061248,3.136533770678387,1.967284685737006
1.7005600955766582,3.707002782215475,2.2336965505374184,2.392336150973036,3.3730699302965927
2.4263708866300253,0.7797090260007142,0.2762498406757576,0.9208561377966787,1.823998523622135
1.1221488416857066,1.6435086441846045,3.5009447920565417,2.04585373658907,3.132969129049122
0.8062692939166234,3.156938907016999,3.3538180409850393,0.030034517912831113,2.807685623586304
0.0077917079304481935,0.49259532217820606,2.644716787876346,2.8757375423009104,2.6453189837181013
0.27285328951867494,3.9478695818385816,0.4217960720985569,2.7400953805052155,3.0282916302436442
0.7935057236289114,2.432779801182251,1.8344349800069544,3.1039635369577923,2.5540548635644065
2.3470758691429707,2.185918598800761,2.9601420767852664,2.283657645830496,2.883408163330862
0.31388841309432114,3.6144111365374396,3.0382492644997914,3.6665370216482995,2.606298559594983
3.2826700488537544,3.1605244106836734,1.2608942511294559,0.3869264317849347,2.535367317469406
3.1751107915098262,1.5911593690127006,3.1404131290980293,0.7112798456826316,2.5146744006369337
3.4576800304943967,1.3642850080025792,3.8859043640162723,3.826797195783249,1.1465929414950904
0.04915223852394762,1.7034072452483842,0.49198320220212477,0.21627028391060651,2.3368723150639843
3.6533293370276883,2.9329869151453707,2.4669216056023315,3.733171350572139,1.6317288953620772
2.455265704990782,1.2668167872696448,1.8641902124985545,3.3637693089209044,1.6039658948374416
3.948374526922158,1.8005141251990608,3.006331645506332,2.3422173520350786,2.567644057157766
1.2112882723736533,3.0985528358320304,1.8081437222282262,2.0390458478693576,3.479441211285957
0.629786133061023,2.4572230121530114,1.4427929036427234,0.519169470625352,3.0210662358082727
2.0321757067722075,3.903867025544506,2.0282246540436013,0.7905527511328818,3.3907301635774485
0.984470748710459,2.0971613435421133,3.4282699528408487,1.9473182365731327,3.3371816536905765
2.9417308474203994,3.2979827568511415,3.586908404131088,0.04454255370420729,2.4288447547980003
1.583291706628968,0.4529082204259467,3.248695923898581,1.0245372448880494,2.6923878802239187
1.8319251640270997,2.001866690769429,2.241746265835425,2.4279561052132537,2.803998924787427
0.7183752806867041,0.39015310083308896,0.6557321206126651,2.4139325687528568,2.3131027382065277
1.484789526159346,1.2631954680186372,2.579859561885322,2.389026700270077,2.725431383661524
1.7352777551993914,1.8133117117695479,0.6732171287782033,3.684287257057856,1.210767316856591
0.4288054203253325,3.6533871364226855,0.6692156614251032,1.0601321470899507,3.5338373874697226
0.23249448951105253,1.716544725257635,3.1967931636078037,0.9329953562476363,3.384587408738676
2.9065849217969832,1.9638066296137815,3.9481516176088984,1.9567432861832057,2.9206317893272113
0.9971882732575962,3.458087931775611,0.5395580030177013,0.18408745863968934,2.4900780750319718
0.6097924479494347,3.2024084573263987,3.79685682422451,0.2819961910057536,3.1405461331208193
0.3361600810114854,1.219769440853802,0.5045654115931312,2.026260932781699,2.775610225184092
0.8992523357475783,0.3247857124234145,2.0449826228374626,0.23912932296297554,2.2020075180223695
0.15896130612120013,3.6180923558070854,1.53573023371572,0.4895333634304578,3.5636955689533547
3.273690914295298,3.344371691942949,2.0162089721141085,2.3288341183040178,3.056726121229935
1.025585731582727,3.8289583153450644,2.032511331117593,2.8921070638370585,3.139289181937768
1.3543130921303517,1.936667782663999,1.135011122369385,2.5332270059183326,2.646004516142816
2.3058090831560434,0.4983378833324155,1.1819160678413847,2.478822995313135,2.1568491296687697
0.8424545966597987,2.9946254158264685,1.2699873420115533,0.06731299748295227,2.638927998576435
3.982653741564146,2.525715797577367,2.893010558703958,2.494284035286288,2.6542262407557873
0.7396072239905294,3.2806896135811106,2.477871482726848,0.8449065188435892,3.5754597704427975
2.8161403513418235,2.771426694184848,2.7669751902049615,2.3806881954337835,2.9200944554803514
2.515272043506492,2.4910964841144345,0.9454896908901731,0.6134416995762068,2.508404071386369
3.529418317640039,3.7145287591506833,1.611464103243422,0.14568777487209267,2.5296138133918675
2.8996154851772458,3.9864504058553636,3.3984829221373607,2.238434773449124,3.397062926242246
3.777593613281234,1.151883386239826,1.9648763448111206,2.1418706462786514,2.5038637290278514
0.41556503163321784,1.603434129091202,1.4371628180288505,0.5731337310210691,2.912172650446595
0.7636741067075159,1.731577351548832,0.7091374701058877,1.6768708052499908,2.9853894845269924
1.5244797386361797,3.2644839291966177,1.8944812047050539,1.7132739507005856,3.557813868834199
1.9611028163311497,3.1121905118079956,3.3654982117599386,3.0493970850870253,2.5627340081401018
0.2977389561551962,0.27673936324192233,0.09342897820268964,3.9769943625557875,0.563299548879286
0.6059986185855855,0.24862922738970278,3.2230930743662114,3.8461203231214123,1.431866331600629
1.2229933963916813,2.1494355451977882,3.876931151158504,3.284971992356304,2.211514433890882
2.688048469982646,1.1978518553752613,1.7222854805864574,3.319773414545997,1.5828364270350712
3.1495299774283967,2.4791376196022257,1.9757950802972226,0.1563526321392192,2.2322174500388337
0.7016405341290836,0.6838490461673792,0.916889555227457,2.368178479902326,2.5663561303745417
3.3240902486241586,1.5091164051692687,0.6435033063395403,2.355459396006669,2.1045009894118434
2.3969011827322153,1.6615578460739888,2.0030344023335647,2.2161975972794763,2.744447990491346
2.101650826527464,3.2465665947769096,2.1607290587618397,2.713131729372546,2.8788368543625795
2.969314648335433,2.106834448151205,3.0926283645828843,1.8304887447534686,2.989718433518759
0.5284216541734338,0.9547407868303633,0.01541942271545319,3.435334832446927,0.9959099311975154
1.2961156862533616,0.420796510173076,0.5809814425329242,1.0882048432467608,2.3130780099792947
0.4537263777719176,1.6955511043709277,2.951242511516763,3.5076008644952332,2.1223744400949642
2.158177680237971,1.6734137076760252,3.57187070635084,2.7784353983397794,2.376374923274738
3.3398047151004957,2.0654569370800995,0.12844701618701546,0.5058004985637715,1.589757745214878
0.19329961834728293,0.8557994560502068,3.435477674332425,2.439058794566906,3.0308386384735284
1.5519472905948073,3.059181779029185,1.4892052534062323,1.4140322374099186,3.432696658447963
1.4327902250309912,1.4167544170959434,0.4524516450179368,2.966636966924793,1.7026027614077535
3.1103921469815727,0.11720465090579717,3.8991314705065827,0.32117174217240463,1.842868847967949
3.331810309948539,3.7693971676334432,1.764840879397771,0.19885955718064782,2.6373734089994847
3.5237107416463798,0.45741275799746817,3.380019858691295,2.906882314033895,1.7907799846044887
3.4841756539431215,0.5761014112645151,0.3009308044244283,3.0767817656737226,0.9470747307230404
0.9706633676423593,3.8957373721349935,1.8639226542175575,1.3501732888647924,3.8936183086210607
3.9375246562378066,1.639071083030975,3.019231786717338,3.5912612764327014,1.3739601946451145
3.0253700001894446,0.398354913684991,3.5129880441080483,3.55462297263543,1.1931440899491643
0.6166430395184009,0.3291815907771546,0.6226753784449683,1.0853789955717423,2.5332965552137225
0.37410482945664625,2.133685746479791,1.9018204282235454,2.406897914052587,3.2644542824599516
1.9458968444319766,2.2535658313915614,0.9762019664276984,3.134379618202142,1.9787651537931334
3.4222923705366592,3.4407827012300727,3.841370006738734,2.9171703916913265,2.603741631509284
3.9322735331456142,0.5155685322725048,2.081572165954338,1.2498570259979187,2.4598634916817157
3.5775941969550416,2.8364820116895233,2.770693830014858,2.8396627995653754,2.470113295377646
0.918126066861522,1.5996970152210706,0.19983565278088858,1.401078868719766,2.478142473155603
2.8506011673721945,0.21569990215423013,0.805960157104357,1.4713002291269537,2.2400635801047715
0.5984563341210657,1.922615069119407,1.0146747195973034,1.890301555350314,3.208315874150878
3.4928566088255555,2.0881382771328925,1.5799763387201935,2.9536198477330986,2.0754199849133617
0.48605736175061715,0.8363532327766486,0.5975988966705831,2.152771091804129,2.6293094209466794
2.4426162006268597,0.25852823452614837,2.0756908659211244,0.5967971858647341,2.1720320645018236
1.8607788277476054,2.42396178192687,1.564775599494461,1.2342712146158004,3.1456163505225287
2.929079984253327,3.6069456493352687,1.4233336784738868,2.517027296849823,2.9610987539463607
0.0790755823147521,1.1417786456183794,1.3113387475827716,1.460347541299956,3.367106697751978
3.2342492528609754,1.5380297674245902,0.8523523774377321,2.268471731090339,2.3044386702238406
1.6160362597998865,1.2025788496611216,0.40284597302334085,3.1784115678495137,1.3536236772142587
2.089717452687871,1.4931071804421883,2.332631588014895,0.6189672295790303,2.5489866295776022
1.8550684377181277,0.5658487872458178,0.9395518310647831,1.195396232214328,2.4736120847334964
2.6770801864796248,1.652503502055277,2.304344092521346,2.4420005608868176,2.5636977339886324
3.9181436972987087,3.1922441303938824,3.6616843704344357,1.1656892848477611,3.1816293651148846
1.636038929474035,1.49952023405152,2.133759960344193,0.7612123702441573,2.740823055761552
2.192878755759246,2.7845619046982644,3.295720900822169,0.5025290276289269,2.8106868538866956
1.7739171853930178,3.9673592276472447,3.7917785703645386,1.0525927108169408,3.6526496115112157
2.7969879394492736,2.664113743865498,2.669562295891217,1.757377591323394,3.18173021420986
3.765979759023906,2.714099876928703,2.718678667596618,3.628957783101796,1.6517518201884753
3.8784397825304247,3.0845959487377717,1.4832014189132179,3.4100698442231843,1.870008003481089
0.7058662221650692,3.96957394251679,0.3235484053134131,3.635788301532936,1.914797475877569
0.12794635376055344,0.5095642005704957,0.32823192213094426,1.8320740236613475,2.621266234664058
2.0564059772768117,1.4449606978685383,1.4620704187658395,1.689180270112823,2.8720327760644113
3.6117098686287568,2.3941841601360663,2.1786973317854503,0.02202928919042868,2.0435580079354345
2.46534660809239,2.5095773535202968,2.6556990729185044,3.4733200265642834,1.8720777198051946
1.671113076514489,3.1202039748144212,1.1901223216833134,1.2676516967352287,3.319090567774723
2.2981464120301105,3.2539403798405897,2.788926343514377,3.3265025634510064,2.267786769825736
1.4557678999893098,0.4758061263583562,0.2520952139262213,2.3003330461218625,1.8681296829718725
1.6006117534739233,3.8328656058391037,0.06470599948880495,1.2429707669352803,2.7891462669788143
1.2417378452278793,0.342597253569727,1.6002354497466966,2.2015457559966203,2.6307792102454015
3.452907804138585,2.950479315668057,2.1969228529769147,0.8015310532421144,2.920025693385914
0.18534767164954755,3.272621602978204,0.6969595504190302,1.6689133152401614,3.657241543350619
3.07753948340015,1.3798467925293367,0.4591157856476902,0.05927337453571134,1.3099692858552663
0.5881431458648364,0.8814570667395546,1.2758333783068456,0.3518040413833719,2.430083981335219
0.4905734127010677,0.1826674131345836,2.2672526189736004,0.8110409215235603,2.816596005390483
2.654322076172407,2.0146269516734097,2.423893167692745,0.5796042828483365,2.572493974257878
2.0260406025731394,3.5762094735734644,2.4854374429475365,3.2682584211556516,2.4679589803222615
0.32476430029540776,3.9101532789015727,2.927052120858412,3.513081099419559,2.8354837882124064
2.965496749789609,2.720989337537451,2.779744304661238,1.369008834246253,3.177692606411359
2.2264058453521693,2.141886338968575,1.6733239582186918,0.7694676202351787,2.766849683624925
2.2746322802278978,1.9950572634291597,0.9545167154577369,3.817731644201219,1.206450374148114
0.016753170905066613,2.0402203960277543,1.2207049294840864,1.630733973822528,3.6119533817605673
3.7022450708295054,0.1860436872911945,0.04859408371820089,2.584537287618477,1.0653536768763563
1.4715665085912217,1.865631265118154,1.7368088583884633,3.4033407234850164,1.8945433134722762
2.2908347385172316,2.11858560533623,2.9818881991667503,0.5279533647376633,2.6207986371387544
3.718671120267651,3.473156985967154,0.7439422020497937,2.4858236292260365,2.6088794414317684
1.3439748957310618,2.6541739509138,2.0923062380782604,1.4482429997690665,3.4319090130795957
1.942027919636699,1.0942278826970582,2.3212057578610357,1.7981552982786537,2.869629661471765
1.7105253764934785,0.07189611166244747,3.732256424194256,1.3071317258730544,2.697097190936475
1.4920033134502453,1.241784936852309,2.412325625189822,2.577684508329951,2.564854389146618
3.2105931238081613,3.778870566998882,3.6755137771914304,2.0726836107833115,3.3870878681150383
2.256884741356238,2.603029790578851,1.2499049626177572,2.8164935343896267,2.4347524305382353
3.3911971827193197,1.2916593817455406,0.37234753936469506,3.245245898166429,1.020547073558423
0.17410990970023743,2.2340773830807352,0.661524657351006,2.2288877384888117,3.1237948479426856
2.363910288709281,3.0911955132954727,0.016013276308727727,0.6625207661256134,2.0292312034239433
0.02989315241098831,3.7463668205667013,2.6828461108328905,3.8821878905582183,2.6013575375015443
0.7854675769367215,2.6912663437363147,2.956399771981982,3.781523094831949,2.042435234442818
3.0351902021211505,1.817684889103925,2.2253082588523188,0.4393939266953457,2.3429136456473234
3.7591534419706694,2.2811318263517224,1.3540579236281076,0.1602766606862769,2.0372767706792025
3.251897862564185,0.17335806835764242,1.4012622297057034,2.1684809309480597,2.2374095922275457
1.7947370837283896,1.085325810013185,1.9408894475579057,3.8080568973008537,1.2826229782122303
0.6680369419818466,0.5397401333869748,1.6383674491549722,0.7826242429047955,2.755337475798586
3.402012875149736,1.7969271782797085,0.34897711440119156,3.000353314880227,1.3745055547210354
0.014296691639470697,2.6378486366743092,3.5542692762776036,2.4967412804699074,3.546190157667942
1.0552335905988404,1.3681876982720935,2.5939720595087885,2.323245547216511,2.9126870310988267
2.457176415394688,0.2870527562214504,0.7472298469865953,2.8132634591299386,1.600865672363065
3.189289192611779,1.38482110944282,2.4970335282011904,2.9029409149572754,2.0338940679048503
1.5347473889043306,2.016223560540551,3.4026592217406937,1.9888129488745758,3.151495988102131
0.35193745846056257,2.7955436330203027,2.5460161488032673,0.4875888798834536,3.2959595084137114
3.657722801432759,2.15584437149622,0.3427617339635425,0.2309661073940995,1.5339795533376877
3.6298126253574963,2.2938387277403054,2.3990027569135113,2.7951813469058155,2.339672422828228
2.13128734444956,0.7653741870575449,3.9369700412338857,1.7082377709674765,2.7922075436163465
2.6711081275032984,2.87699147052406,1.2070089662959356,3.4825279334679533,1.7901094105093298
2.530142859732895,3.7004985644871846,2.4553964359460068,3.0137173403875996,2.68037487444188
3.467641762470347,3.3283544198690187,0.07955489457616866,2.1275951754070523,2.270667056868787
0.5640474619247023,0.40082572748531897,3.836931351253699,1.5583024989536765,3.129770647990957
3.295009395348099,3.9235945663383385,1.7772652142739462,0.5445353917249784,3.0134888960481385
3.863726185371035,1.6126960701172304,3.684440976558262,1.0174578472896074,2.661217010679586
2.8145227806800444,0.010692957139614106,1.1511100146019673,0.7287929025911155,2.02419199078801
1.0474139090830024,0.5537180511693802,3.4542431175623096,0.6406154374278058,2.5980235626628327
1.3810522638797866,0.7031015594109145,0.36497421483485215,0.5312506913353737,1.801134320404978
1.5170722912043073,0.21675316575512935,3.8141359006308226,3.2129129477800236,1.7335563066806898
2.9597935439370193,0.9431411908791196,1.385852511018957,3.5423299900822625,1.2192800905969494
2.8657201885175407,3.1303964869699272,0.6802458285988651,0.9930393236359624,2.771601761188226
1.842403665242266,1.0237365222870007,0.15087403406506827,1.5041545597943988,2.064270596765788
0.9670276006404523,0.8086149689073066,3.520776505879864,0.543966768262106,2.60028991853967
2.0143242502822987,3.4204809022727916,0.15523539949429077,2.751219958312208,2.0947701225385953
3.1823286937594215,2.7653779600614636,1.7901051552153142,2.50880787797598,2.732806472165534
0.3340859363583971,0.31382581306427487,1.2263777673926584,3.773776283222898,1.454661700503887
3.5758075100476057,3.2214029287126773,3.2420691499874237,3.5214626619116842,1.9254909418372033
2.021393239345607,1.2129310621142126,0.7187035150407606,3.441957887145496,1.2490751122964374
3.723165692905175,1.0590221646048543,1.0538223245804625,2.940358750867519,1.6658093089699215
2.777034533542313,0.05132025085860017,3.7107688291438063,3.1575861870518422,1.535720202525011
0.8152653639075566,3.736920637808788,3.6125122873835687,2.8268585191387485,3.2704696293312843
2.1217916744696566,3.86190345225543,3.9879689477590627,3.83763370205219,2.0424309197876784
2.439672782241587,0.6308994902143484,3.1444528502244267,2.5991990987154407,2.2350259910275887
3.22772009087813,0.8933362799535859,1.687909633214772,1.2995537060695699,2.584127903255171
1.6866833206824499,2.537941547460812,0.5153681615767033,0.680778503437075,2.4581649975079434
3.749473899288333,0.3617101801437714,0.8090204851778706,0.9522495928957234,2.005270487259525
2.0862113286931083,1.671336665355298,0.7649058865763292,2.693999141149715,2.111385017625978
2.753144789566464,0.08094980099026781,2.6236522955065453,1.15844156514216,2.4676219054315234
1.4148420488179465,1.8578629391581216,2.9849592684124424,2.8445975603663674,2.5126865490222086
1.5675578824695149,1.753488526572428,3.7688807447255552,3.279292164474543,2.0224662756733576
3.881247809470966,2.390620685611132,3.864236673735115,0.47293804785733656,2.479704327958075
0.40164703499329013,1.1892264942404047,2.806161693741509,2.85843942519038,2.649177871318043
1.1773872899677122,1.532811594386464,1.3029808447497455,0.44754843350809836,2.496278823963801
2.5244176919185977,0.1505872095271535,3.086304956691271,2.246831734301093,2.382642875921745
3.5970541047379267,3.7969769164739495,2.1266639577302615,0.862756901362801,3.213948171861499
1.6732964048761763,2.242871594761722,1.7294600025621387,1.316254392113718,3.1790583199539997
3.000763314903501,1.5821895865007738,0.23998234028089915,0.4602348326328486,1.561520282281737
1.8026716071033813,0.1412785645333699,0.7982246419228607,0.6390442980160458,1.9873006391136374
1.3155281966183294,3.3405905877801234,3.9056807198034473,3.0959436821845987,2.7324253762453745
2.0675769783336375,2.563097404533414,3.494383465408669,2.550894591159561,2.8425304959295854
3.6413397723368215,2.758317556772102,3.7400563079493185,2.4217588079166545,2.8098817380414345
2.4037559305136553,3.2902600856355706,3.0294859211412457,1.7436106068980763,3.4347564633609067
2.378799977963027,3.483366199575148,2.656212939827621,2.351012724435579,3.2204372336411646
2.8847608223013825,2.80412525420886,2.5414867129883243,0.9060791136813192,3.0147515379661765
0.2875022262734918,1.4481083292068508,3.752524040728944,3.599994891497404,2.046623087296027
2.374370078104675,0.749267325353611,2.352631289807267,0.11932965622785235,1.860379573574218
2.6274001787856234,2.9231482732613694,3.239941868331715,3.9481797348571703,1.5835725062252792
1.0567241073767442,2.857895392301065,2.378808511243308,1.133494564879581,3.498330020662578
3.4253561794511405,0.8693575673810533,1.5191689817373921,3.0461097050086456,1.6663315160124195
2.266970326153116,2.518561771328097,1.2120733299190236,2.7068725343405973,2.4990613018657797
1.092797417360967,1.9307595061265264,2.56434892628614,3.3988029708481284,2.0649422535768402
3.510468821796888,2.936146990415753,0.062221183899442235,1.3554286162361198,2.255617315144339
0.9546569892625884,1.3071429115361297,1.9288325007604148,3.039010561438062,2.269845801824439
3.500237792050144,0.43679886958827535,3.595282044468506,1.814553343779325,2.52700313570223
3.4113943175621944,0.22640880916874737,3.2677669143645485,3.922197713684156,0.8144923773921219
1.7150226993101219,0.6559968418016345,1.7967680503430186,2.1174540659533436,2.657882109131475
2.204920742731262,0.2392576214620012,0.3127243349392786,2.729512015347645,1.377626410652891
2.996961883271867,1.30042273404519,0.44416190120599025,1.5734332166450187,2.2272333193507183
1.9308889997803016,2.983379033386379,1.6228105515448474,3.64603253973794,1.8807045649010532
3.242969977459888,1.1312015851941737,0.9275832157372962,3.715070591341786,0.9292777531350404
3.5141507277374453,3.54827488267777,1.108643417975617,3.4508744552722006,1.9076935268531723
1.885830447015022,2.6460066583619777,3.1276357213862664,1.8556338321343817,3.3016545360762146
1.2885851829084896,2.4480657402555344,2.317546557843874,1.035633436097943,3.2641130105043414
3.8486033118135468,1.3189201316038068,2.634705518140537,2.9713748508509745,1.896460168484499
2.599959123636433,0.7437546054009551,0.12129316840541059,0.2419020829141525,1.0857099082094135
3.677286341551721,0.0023192299562358755,2.155567473410908,2.3606998546327342,2.1300767467543227
1.9969291045277497,3.800322807519764,3.8272941001603247,3.3540629559009982,2.4745225825503194
2.916965113344435,3.2596210676466923,3.6903134781689055,2.0224586110716345,3.2751000539284845
0.6773688940656137,2.3619153573525637,0.17626663957983524,2.6564769069361023,2.2266665295572157
3.21896216080209,3.942658783650743,0.7580992510899796,1.140450490027274,3.1136230224828165
3.317745901051257,2.4715258326112126,1.5841845943694837,0.32867026551712486,2.3373389999934218
1.8715115916757263,3.8514459298201413,2.9058290460806226,1.6865924253951738,3.7143361692838464
0.11026253072751442,2.308549747042424,2.2068892795609565,3.1489491204896627,2.772936017706139
3.1013211810625823,1.3247774468267104,3.7185141552009453,1.6525415818640519,2.8003913724424976
1.096659638827699,3.512180974232263,0.5273319100166667,0.2005486438666988,2.4847880274175016
2.4804850446123705,0.544386267924665,1.8825735670105228,3.7488197017699627,1.0813819742275492
3.549494877317719,1.1648715394933409,3.458517586568537,3.3774553688173428,1.4868827920751992
0.5188384680051875,2.989211073795631,3.4798050756759342,0.8981555489075085,3.611748935335505
2.8576357773634182,0.8601013986929578,1.375930730242187,3.3440411141835096,1.398450926628593
2.6056510752561284,1.4706466034821803,3.8590266998300184,1.6425843342315227,2.898220979160508
2.2531894891949924,0.9868722528077787,1.1662045514020465,1.2633122615366992,2.610159633071901
2.3206020258710205,3.4524656724450753,0.7893513324675308,2.626220036515742,2.6694860380686616
1.9528597827283258,0.016666982818045056,1.707692895644485,1.4240650731686462,2.598757666758089
1.2700587478011236,0.9983740085177751,1.4656342274009249,3.9962110261514554,1.1869667696193948
0.7343096337007723,1.0054245668403632,0.6295674866071435,1.9219476498667696,2.70374888991883
1.5103518268899476,2.7343635134823896,0.8473658181281588,0.9604416253306746,2.961709937390805
0.17938832782511951,1.172906899665356,3.8069716978026706,2.7611842308608456,2.839517981154654
3.60520736867342,3.18908958915212,1.7559733604329062,0.1363951471458129,2.3648056893770413
0.8751902864650133,3.03662486408636,2.504522929626002,2.090712297354515,3.5747424206970586
1.9894422484594338,1.842312045662747,1.5118079093203256,2.6130562329007003,2.5093652152022785
1.1411713415905973,3.7917570201860475,1.4792119004601938,0.2934525396403976,3.0708632400350693
2.141877114104381,1.248002799603493,0.4294830248355662,3.5677360457637985,0.9077935120666029
0.21661738981464665,1.3599481844663843,3.112124025652269,2.640707558332877,2.97527757926413
3.2598235754000076,2.617308453199663,1.2897725398785136,3.532882816961441,1.6214127374941052
0.4384678809063576,2.880430338613372,2.0981739062980873,0.6028000677704579,3.367161264976843
1.8995014653030307,3.5711358739250243,2.711321654767172,2.5387927996323403,3.188303317668463
2.6855717988901953,2.210809739428942,2.6899204073591165,0.7971403931229201,2.7973374946934606
1.553399516031993,3.407274998700544,2.5122425557227936,1.6110448664189616,3.6368218258563947
2.6332452169234286,0.26919946057402216,2.2864653545091818,2.985758746509345,1.7512345871454866
0.7544433407059812,0.10213865374840231,1.998144454249596,3.5805001129142577,1.5384931027865254
3.3594076130657107,0.6139169877006994,0.10505706799536646,2.0810078075358858,1.587192292608147
2.7756567055752117,2.65664849838266,1.0295707336483602,1.8829063741641026,2.9344922775879043
0.21424756458953842,1.345580495360244,3.995802777679641,0.977364825595267,3.3248109238435024
0.4231869723672701,0.5972357640866534,2.442514564703736,1.0471475725856203,3.0800008877820715
0.11372607175354704,0.293433040963251,2.252949045481257,2.617507221556027,2.7768536372433394
3.3969870910951476,2.57687889454312,0.35789397264011125,0.7202415111912837,2.1217181988566876
2.746929605369893,0.8209426279157527,3.284663137065227,2.9921725007888855,1.8700457827247523
1.9736999936609436,1.7381864823814672,1.0981839123466515,3.8506821162729015,1.2214828181029982
0.4598814910009007,1.564010839498636,0.8680679777235932,1.5887830369626563,3.1489044731706914
1.169843977721957,0.9502737259566579,1.71269350358416,0.7162186396133793,2.651818259343186
1.4023297522931237,1.0442261645209565,3.5041683189846484,2.255911392784347,2.7921903009352067
3.704472587828681,2.4983421594014823,0.5843986794949679,2.0481338279300525,2.4837392617819143
1.3445406454450415,1.5202691980647713,0.8984487010743298,0.9429057737762395,2.678088545625219
1.4227888377733469,3.809484399562828,3.9296480386014285,3.060697130059001,2.8919029007209502
1.1667653236667106,2.324897768082406,1.4134187671420768,1.7777022888861016,3.287441878142251
0.8574284419956382,3.683923721213864,3.1811241509999255,0.6530999697182343,3.535409104603251
0.9276562139430251,2.302804947551707,3.701677800740504,1.0998568406282356,3.375012629274444
1.1044722051296825,2.3178336253297434,1.8065136757576206,3.0218184356377638,2.503145338213728
1.2067467217570444,1.5488902234133792,3.4121520721871472,1.9197185373563814,3.13469157834134
0.7211768510079034,2.8108182698650084,0.7213219756266785,0.09262154377540065,2.4131249372626247
2.5669681640669775,1.480299193325527,2.488918091814518,3.2282927382426867,1.809202214945457
0.6629788091450425,1.7733219740430013,3.054129933415419,0.21046041844091054,2.6317540503447856
3.562845688475539,1.127930374810211,3.600950161836879,0.014905378316366543,1.7257788414457091
3.8949025560280015,3.5034985155457563,0.8781268460644513,0.6669815792892957,2.6882742366783323
0.6345232323193823,3.005652374424472,3.175897829707628,3.753991208107569,2.2148478169435935
1.2729296105095338,2.1790324597959194,3.5381141484441154,3.252015754767094,2.2383277552541454
2.835309980743074,2.8650587032694186,2.37327080034989,2.866645255050689,2.518625743519854
0.4756634858632073,0.44321971058394855,1.9110604819258674,2.187594178728117,2.946959424138681
2.0405007280105965,0.9036031764701904,0.412420070214202,3.963244147848315,0.508868423153751
1.0826250379974063,0.13229241229230673,3.5331307239136533,2.2102562526163574,2.702652324518929
3.202920813327451,3.1516490445567795,3.720293468229673,2.7703584933613077,2.673419103314473
1.0356817330710864,1.784225597868471,2.8506392507179954,0.818858772240186,3.0318656909122743
3.2680765144400623,2.3564877717158934,0.3115992117739042,0.36353506569244765,1.7242338447393197
1.0656284583100126,0.5239608493634915,2.139072392841303,3.3047472665600517,1.8005817977692549
1.3245774641659573,0.03514940076747737,2.743661737586826,1.7673983294837596,2.7883638247280453
1.6592688736840437,1.852855375638682,0.7681438825917909,2.3122716736684206,2.550394021044447
2.2844220732811595,3.8211603992030674,0.20116158845530815,0.07406531405451484,1.9163465925989613
2.7277035722503773,1.4286300911886707,0.20939944468573018,0.3149737485458272,1.3910064471307315
2.162046765674511,3.4293226381100763,1.6439744604764646,0.08688091738415914,2.551848646442035
0.1366539118727687,1.1121312467147182,3.304905693766791,3.2215602050793337,2.391490995151737
2.2465241652448484,0.46714504684076213,1.7703135594213832,0.1818052987536088,1.8406007149794474
0.6497587526794204,2.918267875989467,1.875079387760839,2.006151252876704,3.621640143654297
2.004263799155342,3.9573315560450646,0.5281433591451612,0.40296503540745204,2.612924987952295
2.11264658282135,1.229957997367525,2.679403040005661,1.3657933625525867,2.8865178125317192
0.5378721646017259,1.0138859134310576,1.317668013955252,2.10623755155905,3.006782801630559
2.699507641188018,3.0451192213243226,3.892880558878177,0.45147119919652495,2.7719444530449056
1.5984351235574514,0.7232723079587714,1.3347452327233822,3.760624855358139,1.188065590689448
3.122236581419125,1.2323031250711796,1.2443729656937614,3.6503270552952745,1.139203723277138
1.0160404110675227,3.104900226561597,0.9114007281498394,1.9296268270891372,3.3554829266978765
0.9320936060488182,0.3103979996504769,2.0540880349651043,2.0089834962115387,2.8578089317804785
0.08442109031011391,0.1276088395786795,0.22062341948155312,0.38008190969666644,1.865771219443015
3.7866115880006657,0.5913142409125716,3.971423308015188,3.548185415847282,1.1727677529104827
2.888246367786726,2.038569235791311,2.8458514080366637,0.6783388895299536,2.6384991872520356
1.6502093198636332,3.3788350474632307,1.5360480062273985,2.8038566352547027,2.8627218541336403
1.8790432447093548,1.4792067691425115,1.168069830906466,3.7259317216450216,1.2949446912172125
3.9653281407222374,0.9836690446426138,0.11636448371790077,2.278785284970891,1.5223247258116568
0.14549892985031523,2.8245295200770637,1.6540405722906228,0.10451589809347182,2.9733542668716457
1.8361531389942813,3.59174885900639,2.997244222044541,1.7853535742153328,3.6213478173272873
3.3740758378521494,2.9529651839392788,1.1132587895085129,0.2484675198166259,2.2850521207273284
3.0145643523808854,0.29663844992321464,3.6554396546405266,1.5497460718988973,2.574187801093467
2.978754426854565,0.6025112176296499,3.633486276403181,3.204175087869311,1.5824683125124754
0.2511208964366464,2.7026297607456358,2.9713286039263758,0.754718067933552,3.5350024879069646
1.0762301884265004,2.9741730282420145,1.5577176693923422,2.068033399444918,3.4331539859196254
3.134451018918303,1.8835923334569475,2.558770827748114,1.6381475111111499,2.9336524400558748
2.9915139324707094,2.2249185055060807,3.279775898884881,3.0808075700317707,2.1160291065650103
2.804887303618586,2.5891327361302414,3.582984597794865,2.1610237246594886,3.014716037646963
2.5915945195080083,3.508038235118547,3.3456016032675935,0.26555232568181625,2.756638848634597
3.4721917062425787,2.62652676463283,3.257573281854024,3.6144503548283526,1.6683283415606915
3.8020811909502075,2.082107754052435,1.1568343493124342,1.325844892795201,2.7334441490004138
0.10115558004671206,2.6783101306465014,2.0587719369206243,3.8645600419732973,2.2229185635948783
1.8173345149202775,0.15669006727116183,1.2850226797352642,3.288914727379794,1.4390648310020278
2.711056283749764,1.0302186007301262,2.573979300746736,1.4970070109372497,2.7638039323434014
0.9044009291827735,3.182341798570522,0.8317182441102712,2.129498232901548,3.2853712172497374
3.363110989851348,1.7784754625578072,2.108697696720246,3.6219063311366813,1.4057922010820847
1.0053196159281947,0.6175721094553426,3.1892944309194,3.3421227646443485,1.826611613401139
1.1291681187128961,0.3812619912211142,3.6691021702974047,0.9164020411378655,2.7330177500213497
0.8335776865819402,3.071123156880231,0.7287621980866775,3.0690986411263155,2.439116168618077
2.641226457896792,2.556524955710379,0.17367329016233785,3.57499541528456,0.9487991169905586
2.8773368281196308,0.5320741548014873,3.373991900639285,1.3766754528142036,2.621330773938833
1.1974184616307209,3.688907913690215,2.2895888610446264,3.8022161804941934,2.197072144403773
2.946350928550992,3.305835734277386,3.0575597941483714,2.676007898918139,2.8323345505625723
